"Run","Candidate","Phase","Count","MedianNs","MinNs","MaxNs","MedianBytes"
"after-debug-before","snapshot-rebuild","fill-drain","64","55.46875","42.96875","92.96875","24.1875"
"after-debug-before","snapshot-rebuild","reuse-fill-drain","64","42.96875","42.1875","43.75","0"
"after-debug-before","snapshot-rebuild","remove-hit-and-miss","64","1134.375","1089.0625","1195.3125","1134.375"
"after-debug-before","priority-queue-remove","fill-drain","64","44.53125","43.75","89.84375","24.1875"
"after-debug-before","priority-queue-remove","reuse-fill-drain","64","42.96875","42.96875","48.4375","0"
"after-debug-before","priority-queue-remove","remove-hit-and-miss","64","56.25","54.6875","56.25","0"
"after-debug-before","sorted-set","fill-drain","64","53.125","52.34375","75","24"
"after-debug-before","sorted-set","reuse-fill-drain","64","64.0625","52.34375","75.78125","24"
"after-debug-before","sorted-set","remove-hit-and-miss","64","65.625","64.0625","82.8125","0"
"after-debug-before","snapshot-rebuild","fill-drain","1024","92.431640625","84.130859375","96.875","24.05859375"
"after-debug-before","snapshot-rebuild","reuse-fill-drain","1024","78.564453125","78.173828125","79.4921875","0"
"after-debug-before","snapshot-rebuild","remove-hit-and-miss","1024","22239.0625","19300","34242.1875","24174.375"
"after-debug-before","priority-queue-remove","fill-drain","1024","88.818359375","85.44921875","97.607421875","24.05859375"
"after-debug-before","priority-queue-remove","reuse-fill-drain","1024","79.150390625","78.515625","81.15234375","0"
"after-debug-before","priority-queue-remove","remove-hit-and-miss","1024","1098.4375","1098.4375","1100","0"
"after-debug-before","sorted-set","fill-drain","1024","113.8671875","111.962890625","128.125","24"
"after-debug-before","sorted-set","reuse-fill-drain","1024","112.841796875","112.20703125","114.599609375","24"
"after-debug-before","sorted-set","remove-hit-and-miss","1024","118.75","114.0625","164.0625","0"
"after-debug-before","snapshot-rebuild","fill-drain","16384","130.2490234375","127.8778076171875","136.700439453125","24.006591796875"
"after-debug-before","snapshot-rebuild","reuse-fill-drain","16384","132.904052734375","128.9947509765625","141.3238525390625","0"
"after-debug-before","snapshot-rebuild","remove-hit-and-miss","16384","362745.3125","342209.375","376634.375","393320"
"after-debug-before","priority-queue-remove","fill-drain","16384","127.801513671875","126.6937255859375","142.9290771484375","24.006591796875"
"after-debug-before","priority-queue-remove","reuse-fill-drain","16384","128.765869140625","126.4984130859375","139.97802734375","0"
"after-debug-before","priority-queue-remove","remove-hit-and-miss","16384","19690.625","18107.8125","29331.25","0"
"after-debug-before","sorted-set","fill-drain","16384","188.7603759765625","180.67626953125","213.85498046875","24"
"after-debug-before","sorted-set","reuse-fill-drain","16384","163.4857177734375","154.7637939453125","200.62255859375","24"
"after-debug-before","sorted-set","remove-hit-and-miss","16384","257.8125","226.5625","357.8125","0"
"after-debug-before","public-executor","scheduled-owner-cancel","64","1403.125","1381.25","1578.125","1412.75"
"after-debug-before","public-executor","scheduled-owner-cancel","1024","26025","24668.75","72650","24452.75"
"after-debug-before","public-executor","scheduled-owner-cancel","4096","116115.625","113434.375","122646.875","98180.75"
"after-debug-after","snapshot-rebuild","fill-drain","64","56.25","43.75","96.875","24.1875"
"after-debug-after","snapshot-rebuild","reuse-fill-drain","64","42.96875","42.96875","44.53125","0"
"after-debug-after","snapshot-rebuild","remove-hit-and-miss","64","1185.9375","1178.125","1351.5625","1134.375"
"after-debug-after","priority-queue-remove","fill-drain","64","45.3125","43.75","101.5625","24.1875"
"after-debug-after","priority-queue-remove","reuse-fill-drain","64","42.96875","42.96875","42.96875","0"
"after-debug-after","priority-queue-remove","remove-hit-and-miss","64","56.25","56.25","57.8125","0"
"after-debug-after","sorted-set","fill-drain","64","54.6875","53.90625","75.78125","24"
"after-debug-after","sorted-set","reuse-fill-drain","64","54.6875","53.125","80.46875","24"
"after-debug-after","sorted-set","remove-hit-and-miss","64","65.625","64.0625","81.25","0"
"after-debug-after","snapshot-rebuild","fill-drain","1024","94.873046875","90.72265625","215.8203125","24.05859375"
"after-debug-after","snapshot-rebuild","reuse-fill-drain","1024","82.666015625","80.56640625","91.50390625","0"
"after-debug-after","snapshot-rebuild","remove-hit-and-miss","1024","23328.125","21287.5","33064.0625","24174.375"
"after-debug-after","priority-queue-remove","fill-drain","1024","83.740234375","82.666015625","105.517578125","24.05859375"
"after-debug-after","priority-queue-remove","reuse-fill-drain","1024","82.2265625","79.541015625","95.60546875","0"
"after-debug-after","priority-queue-remove","remove-hit-and-miss","1024","1104.6875","1104.6875","1106.25","0"
"after-debug-after","sorted-set","fill-drain","1024","113.916015625","113.330078125","114.990234375","24"
"after-debug-after","sorted-set","reuse-fill-drain","1024","115.0390625","113.232421875","172.802734375","24"
"after-debug-after","sorted-set","remove-hit-and-miss","1024","210.9375","200","226.5625","0"
"after-debug-after","snapshot-rebuild","fill-drain","16384","132.5042724609375","129.7515869140625","148.4375","24.006591796875"
"after-debug-after","snapshot-rebuild","reuse-fill-drain","16384","129.13818359375","127.7252197265625","134.246826171875","0"
"after-debug-after","snapshot-rebuild","remove-hit-and-miss","16384","391054.6875","365643.75","397450","393442"
"after-debug-after","priority-queue-remove","fill-drain","16384","130.0323486328125","128.070068359375","139.581298828125","24.006591796875"
"after-debug-after","priority-queue-remove","reuse-fill-drain","16384","128.4149169921875","126.4892578125","146.868896484375","0"
"after-debug-after","priority-queue-remove","remove-hit-and-miss","16384","18187.5","18065.625","20809.375","0"
"after-debug-after","sorted-set","fill-drain","16384","156.768798828125","153.0303955078125","173.8616943359375","24"
"after-debug-after","sorted-set","reuse-fill-drain","16384","172.5982666015625","150.140380859375","267.5048828125","24"
"after-debug-after","sorted-set","remove-hit-and-miss","16384","346.875","268.75","373.4375","0"
"after-debug-after","public-executor","scheduled-owner-cancel","64","165.625","156.25","196.875","80"
"after-debug-after","public-executor","scheduled-owner-cancel","1024","1056.25","806.25","1268.75","80"
"after-debug-after","public-executor","scheduled-owner-cancel","4096","2953.125","2900","3118.75","80"
"after-matrix-before","snapshot-rebuild","fill-drain","64","53.125","43.75","92.1875","24.1875"
"after-matrix-before","snapshot-rebuild","reuse-fill-drain","64","42.96875","42.1875","43.75","0"
"after-matrix-before","snapshot-rebuild","remove-hit-and-miss","64","1151.5625","1114.0625","3862.5","1134.375"
"after-matrix-before","priority-queue-remove","fill-drain","64","43.75","42.96875","95.3125","24.1875"
"after-matrix-before","priority-queue-remove","reuse-fill-drain","64","42.1875","41.40625","42.1875","0"
"after-matrix-before","priority-queue-remove","remove-hit-and-miss","64","68.75","68.75","70.3125","0"
"after-matrix-before","sorted-set","fill-drain","64","53.125","52.34375","72.65625","24"
"after-matrix-before","sorted-set","reuse-fill-drain","64","53.125","51.5625","76.5625","24"
"after-matrix-before","sorted-set","remove-hit-and-miss","64","64.0625","64.0625","79.6875","0"
"after-matrix-before","snapshot-rebuild","fill-drain","1024","112.20703125","85.009765625","159.27734375","24.05859375"
"after-matrix-before","snapshot-rebuild","reuse-fill-drain","1024","77.880859375","77.587890625","79.638671875","0"
"after-matrix-before","snapshot-rebuild","remove-hit-and-miss","1024","24559.375","21776.5625","36037.5","24174.375"
"after-matrix-before","priority-queue-remove","fill-drain","1024","83.0078125","82.080078125","86.083984375","24.05859375"
"after-matrix-before","priority-queue-remove","reuse-fill-drain","1024","80.078125","79.443359375","131.494140625","0"
"after-matrix-before","priority-queue-remove","remove-hit-and-miss","1024","1414.0625","1414.0625","2128.125","0"
"after-matrix-before","sorted-set","fill-drain","1024","112.01171875","111.03515625","112.6953125","24"
"after-matrix-before","sorted-set","reuse-fill-drain","1024","113.818359375","111.865234375","152.734375","24"
"after-matrix-before","sorted-set","remove-hit-and-miss","1024","118.75","115.625","125","0"
"after-matrix-before","snapshot-rebuild","fill-drain","16384","137.3748779296875","128.192138671875","145.263671875","24.006591796875"
"after-matrix-before","snapshot-rebuild","reuse-fill-drain","16384","127.3651123046875","126.6265869140625","132.135009765625","0"
"after-matrix-before","snapshot-rebuild","remove-hit-and-miss","16384","353232.8125","346657.8125","386414.0625","393320"
"after-matrix-before","priority-queue-remove","fill-drain","16384","129.095458984375","126.5869140625","137.646484375","24.006591796875"
"after-matrix-before","priority-queue-remove","reuse-fill-drain","16384","127.1240234375","125.7171630859375","128.546142578125","0"
"after-matrix-before","priority-queue-remove","remove-hit-and-miss","16384","23548.4375","23157.8125","25128.125","0"
"after-matrix-before","sorted-set","fill-drain","16384","157.5653076171875","148.2147216796875","169.085693359375","24"
"after-matrix-before","sorted-set","reuse-fill-drain","16384","152.6336669921875","149.102783203125","162.628173828125","24"
"after-matrix-before","sorted-set","remove-hit-and-miss","16384","248.4375","239.0625","376.5625","0"
"after-matrix-before","public-executor","scheduled-owner-cancel","64","1309.375","1290.625","1362.5","1412.75"
"after-matrix-before","public-executor","scheduled-owner-cancel","1024","24996.875","23443.75","60243.75","24452.75"
"after-matrix-before","public-executor","scheduled-owner-cancel","4096","211615.625","201806.25","221809.375","98180.75"
"after-matrix-after","snapshot-rebuild","fill-drain","64","54.6875","41.40625","92.96875","24.1875"
"after-matrix-after","snapshot-rebuild","reuse-fill-drain","64","42.1875","41.40625","46.875","0"
"after-matrix-after","snapshot-rebuild","remove-hit-and-miss","64","1140.625","1093.75","1217.1875","1134.375"
"after-matrix-after","priority-queue-remove","fill-drain","64","42.96875","42.1875","89.84375","24.1875"
"after-matrix-after","priority-queue-remove","reuse-fill-drain","64","41.40625","41.40625","42.1875","0"
"after-matrix-after","priority-queue-remove","remove-hit-and-miss","64","68.75","67.1875","68.75","0"
"after-matrix-after","sorted-set","fill-drain","64","53.125","53.125","73.4375","24"
"after-matrix-after","sorted-set","reuse-fill-drain","64","54.6875","53.125","81.25","24"
"after-matrix-after","sorted-set","remove-hit-and-miss","64","67.1875","65.625","82.8125","0"
"after-matrix-after","snapshot-rebuild","fill-drain","1024","95.458984375","87.255859375","108.10546875","24.05859375"
"after-matrix-after","snapshot-rebuild","reuse-fill-drain","1024","77.44140625","77.197265625","78.662109375","0"
"after-matrix-after","snapshot-rebuild","remove-hit-and-miss","1024","21840.625","19218.75","33092.1875","24174.375"
"after-matrix-after","priority-queue-remove","fill-drain","1024","83.544921875","81.591796875","86.62109375","24.05859375"
"after-matrix-after","priority-queue-remove","reuse-fill-drain","1024","79.98046875","79.4921875","93.5546875","0"
"after-matrix-after","priority-queue-remove","remove-hit-and-miss","1024","1407.8125","1406.25","2900","0"
"after-matrix-after","sorted-set","fill-drain","1024","114.599609375","111.767578125","161.474609375","24"
"after-matrix-after","sorted-set","reuse-fill-drain","1024","113.671875","110.888671875","166.6015625","24"
"after-matrix-after","sorted-set","remove-hit-and-miss","1024","115.625","114.0625","126.5625","0"
"after-matrix-after","snapshot-rebuild","fill-drain","16384","126.141357421875","125.439453125","137.0513916015625","24.006591796875"
"after-matrix-after","snapshot-rebuild","reuse-fill-drain","16384","125.0030517578125","123.577880859375","131.2713623046875","0"
"after-matrix-after","snapshot-rebuild","remove-hit-and-miss","16384","358485.9375","347018.75","362876.5625","393207"
"after-matrix-after","priority-queue-remove","fill-drain","16384","125.8270263671875","124.072265625","142.2210693359375","24.006591796875"
"after-matrix-after","priority-queue-remove","reuse-fill-drain","16384","123.6572265625","123.0621337890625","131.26220703125","0"
"after-matrix-after","priority-queue-remove","remove-hit-and-miss","16384","23125","23048.4375","26625","0"
"after-matrix-after","sorted-set","fill-drain","16384","155.3192138671875","148.968505859375","156.3629150390625","24"
"after-matrix-after","sorted-set","reuse-fill-drain","16384","150.054931640625","147.113037109375","160.3240966796875","24"
"after-matrix-after","sorted-set","remove-hit-and-miss","16384","260.9375","240.625","301.5625","0"
"after-matrix-after","public-executor","scheduled-owner-cancel","64","168.75","162.5","203.125","80"
"after-matrix-after","public-executor","scheduled-owner-cancel","1024","965.625","956.25","987.5","80"
"after-matrix-after","public-executor","scheduled-owner-cancel","4096","3562.5","3531.25","3609.375","80"
